,0,1,2,3,4,5,6,7,8,9,10,11,12,13,14,15,16,17,18,19,20,21,22,23,24,25
0,46.08,3.0,2.375,8.0,396.0,4159.0,0.0,0.0,0.0,0.0,a,u,g,c,v,t,t,t,g,False,False,False,False,False,False,False
1,15.92,2.875,0.085,0.0,120.0,0.0,0.0,0.0,0.0,0.0,a,u,g,q,v,f,f,f,g,False,False,False,False,False,False,False
2,36.33,2.125,0.085,1.0,50.0,1187.0,0.0,0.0,0.0,0.0,b,y,p,w,v,t,t,f,g,False,False,False,False,False,False,False
3,22.17,0.585,0.0,0.0,100.0,0.0,0.0,0.0,0.0,0.0,b,y,p,ff,ff,f,f,f,g,False,False,False,False,False,False,False
4,57.83,7.04,14.0,6.0,360.0,1332.0,0.0,0.0,0.0,0.0,b,u,g,m,v,t,t,t,g,False,False,False,False,False,False,False
5,19.67,0.21,0.29,11.0,80.0,99.0,0.0,0.0,0.0,0.0,a,u,g,q,h,t,t,f,g,False,False,False,False,False,False,False
6,22.5,0.415,0.335,0.0,144.0,0.0,0.0,0.0,0.0,0.0,a,u,g,i,v,f,f,t,s,False,False,False,False,False,False,False
7,20.25,9.96,0.0,0.0,0.0,0.0,0.0,0.0,0.0,0.0,b,u,g,e,dd,t,f,f,g,False,False,False,False,False,False,False
8,25.17,3.5,0.625,7.0,0.0,7059.0,0.0,0.0,0.0,0.0,b,u,g,cc,v,t,t,f,g,False,False,False,False,False,False,False
9,40.25,21.5,20.0,11.0,0.0,1200.0,0.0,0.0,0.0,0.0,b,u,g,e,z,t,t,f,g,False,False,False,False,False,False,False
10,19.75,0.75,0.795,5.0,140.0,5.0,0.0,0.0,0.0,0.0,a,u,g,c,v,t,t,t,g,False,False,False,False,False,False,False
11,42.83,1.25,13.875,1.0,352.0,112.0,0.0,0.0,0.0,0.0,b,u,g,m,v,f,t,t,g,False,False,False,False,False,False,False
12,35.42,12.0,14.0,8.0,0.0,6590.0,0.0,0.0,0.0,0.0,a,u,g,q,h,t,t,f,g,False,False,False,False,False,False,False
13,29.5,1.085,1.0,0.0,280.0,13.0,0.0,0.0,0.0,0.0,a,y,p,x,v,f,f,f,g,False,False,False,False,False,False,False
14,21.33,10.5,3.0,0.0,0.0,0.0,0.0,0.0,0.0,0.0,b,u,g,c,v,t,f,t,g,False,False,False,False,False,False,False
15,18.58,4.841481927710842,2.3690120481927712,0.0,80.0,42.0,0.0,1.0,1.0,0.0,a,u,g,d,v,t,f,f,g,False,False,False,False,False,True,True
16,22.5,0.125,0.125,0.0,200.0,70.0,0.0,0.0,0.0,0.0,b,y,p,k,v,f,f,f,g,False,False,False,False,False,False,False
17,23.0,4.841481927710842,2.3690120481927712,0.0,320.0,0.0,0.0,1.0,1.0,0.0,b,u,g,m,v,t,f,t,s,False,False,False,False,False,True,True
18,20.83,0.5,1.0,0.0,260.0,0.0,0.0,0.0,0.0,0.0,a,y,p,e,dd,f,f,f,g,False,False,False,False,False,False,False
19,41.58,4.841481927710842,2.3690120481927712,0.0,160.0,0.0,0.0,1.0,1.0,0.0,b,u,g,k,v,t,f,f,g,False,False,False,False,False,True,True
20,38.92,1.75,0.5,0.0,300.0,2.0,0.0,0.0,0.0,0.0,b,u,g,k,v,f,f,t,g,False,False,False,False,False,False,False
21,21.17,0.25,0.25,0.0,280.0,204.0,0.0,0.0,0.0,0.0,b,y,p,c,h,f,f,f,g,False,False,False,False,False,False,False
22,34.5,4.04,8.5,7.0,195.0,0.0,0.0,0.0,0.0,0.0,b,y,p,i,bb,t,t,t,g,False,False,False,False,False,False,False
23,33.08,1.625,0.54,0.0,0.0,0.0,0.0,0.0,0.0,0.0,a,u,g,d,v,f,f,t,g,False,False,False,False,False,False,False
24,19.58,4.841481927710842,2.3690120481927712,3.0,350.0,769.0,0.0,1.0,1.0,0.0,b,u,g,ff,ff,t,f,f,g,False,False,False,False,False,True,True
25,29.25,13.0,0.5,0.0,228.0,0.0,0.0,0.0,0.0,0.0,b,u,g,d,h,f,f,f,g,False,False,False,False,False,False,False
26,46.0,4.0,0.0,0.0,100.0,960.0,0.0,0.0,0.0,0.0,a,u,g,j,j,t,f,f,g,False,False,False,False,False,False,False
27,19.17,0.0,0.0,0.0,500.0,1.0,0.0,0.0,0.0,0.0,b,y,p,m,bb,f,f,t,s,False,False,False,False,False,False,False
28,47.42,8.0,6.5,6.0,375.0,51100.0,0.0,0.0,0.0,0.0,a,u,g,e,bb,t,t,f,g,False,False,False,False,False,False,False
29,27.67,13.75,5.75,0.0,487.0,500.0,0.0,0.0,0.0,0.0,b,u,g,w,v,t,f,t,g,False,False,False,False,False,False,False
30,49.83,13.585,8.5,0.0,0.0,0.0,0.0,0.0,0.0,0.0,a,u,g,k,h,t,f,t,g,False,False,False,False,False,False,False
31,18.42,9.25,1.21,4.0,60.0,540.0,0.0,0.0,0.0,0.0,a,u,g,q,v,t,t,f,g,False,False,False,False,False,False,False
32,40.92,0.5,0.5,0.0,130.0,0.0,0.0,0.0,0.0,0.0,b,y,p,m,v,f,f,t,g,False,False,False,False,False,False,False
33,22.5,11.5,1.5,0.0,0.0,4000.0,0.0,0.0,0.0,0.0,b,y,p,m,v,f,f,t,g,False,False,False,False,False,False,False
34,56.0,12.5,8.0,0.0,24.0,2028.0,0.0,0.0,0.0,0.0,b,u,g,k,h,t,f,t,g,False,False,False,False,False,False,False
35,31.8901906779661,0.5,0.835,0.0,320.0,0.0,1.0,0.0,0.0,0.0,b,u,g,c,bb,t,f,t,s,False,False,False,False,False,False,False
36,19.0,0.0,0.0,4.0,45.0,1.0,0.0,0.0,0.0,0.0,b,y,p,ff,ff,f,t,f,g,False,False,False,False,False,False,False
37,51.83,2.04,1.5,0.0,120.0,1.0,0.0,0.0,0.0,0.0,b,y,p,ff,ff,f,f,f,g,False,False,False,False,False,False,False
38,28.58,1.665,2.415,0.0,440.0,0.0,0.0,0.0,0.0,0.0,a,u,g,q,v,t,f,t,g,False,False,False,False,False,False,False
39,71.58,0.0,0.0,0.0,180.5735294117647,0.0,0.0,0.0,0.0,1.0,a,u,g,c,v,f,f,f,p,False,True,True,True,True,False,False
40,32.25,0.165,3.25,1.0,432.0,8000.0,0.0,0.0,0.0,0.0,b,y,p,c,h,t,t,t,g,False,False,False,False,False,False,False
41,32.0,6.0,1.25,0.0,272.0,0.0,0.0,0.0,0.0,0.0,a,u,g,d,v,f,f,f,g,False,False,False,False,False,False,False
42,23.0,0.625,0.125,0.0,180.0,1.0,0.0,0.0,0.0,0.0,b,y,p,aa,v,t,f,f,g,False,False,False,False,False,False,False
43,20.75,5.085,0.29,0.0,140.0,184.0,0.0,0.0,0.0,0.0,b,y,p,j,v,f,f,f,g,False,False,False,False,False,False,False
44,38.67,0.21,0.085,0.0,280.0,0.0,0.0,0.0,0.0,0.0,b,u,g,k,v,t,f,t,g,False,False,False,False,False,False,False
45,52.5,7.0,3.0,0.0,0.0,0.0,0.0,0.0,0.0,0.0,a,u,g,aa,h,f,f,f,g,False,False,False,False,False,False,False
46,18.75,4.841481927710842,2.3690120481927712,5.0,180.5735294117647,26726.0,0.0,1.0,1.0,1.0,a,u,g,q,v,t,f,f,g,False,False,False,False,False,True,True
47,29.83,4.841481927710842,2.3690120481927712,0.0,224.0,0.0,0.0,1.0,1.0,0.0,b,y,p,k,v,t,f,f,g,False,False,False,False,False,True,True
48,49.0,1.5,0.0,0.0,100.0,27.0,0.0,0.0,0.0,0.0,a,u,g,j,j,t,f,t,g,False,False,False,False,False,False,False
49,39.58,5.0,0.0,2.0,17.0,1.0,0.0,0.0,0.0,0.0,b,u,g,ff,ff,f,t,f,g,False,False,False,False,False,False,False
50,20.17,8.17,1.96,14.0,60.0,158.0,0.0,0.0,0.0,0.0,b,u,g,aa,v,t,t,f,g,False,False,False,False,False,False,False
51,30.83,0.0,1.25,1.0,202.0,0.0,0.0,0.0,0.0,0.0,b,u,g,w,v,t,t,f,g,False,False,False,False,False,False,False
52,41.0,2.04,0.125,23.0,455.0,1236.0,0.0,0.0,0.0,0.0,a,y,p,q,h,t,t,t,g,False,False,False,False,False,False,False
53,41.33,0.0,15.0,0.0,0.0,0.0,0.0,0.0,0.0,0.0,b,u,g,c,bb,t,f,f,g,False,False,False,False,False,False,False
54,34.75,4.841481927710842,2.3690120481927712,9.0,0.0,134.0,0.0,1.0,1.0,0.0,b,u,g,r,n,t,f,t,g,False,False,False,False,False,True,True
55,30.25,5.5,5.5,0.0,100.0,0.0,0.0,0.0,0.0,0.0,a,u,g,k,v,f,f,t,s,False,False,False,False,False,False,False
56,25.0,11.0,4.5,0.0,120.0,0.0,0.0,0.0,0.0,0.0,a,y,p,aa,v,t,f,f,g,False,False,False,False,False,False,False
57,45.33,1.0,0.125,0.0,263.0,0.0,0.0,0.0,0.0,0.0,b,u,g,q,v,f,f,t,g,True,False,False,False,False,False,False
58,21.5,6.0,2.5,3.0,80.0,918.0,0.0,0.0,0.0,0.0,a,u,g,aa,v,t,t,f,g,False,False,False,False,False,False,False
59,18.83,9.54,0.085,0.0,100.0,0.0,0.0,0.0,0.0,0.0,a,u,g,aa,v,t,f,f,g,False,False,False,False,False,False,False
60,23.5,3.165,0.415,1.0,280.0,80.0,0.0,0.0,0.0,0.0,b,y,p,k,v,f,t,t,g,False,False,False,False,False,False,False
61,18.67,5.0,0.375,2.0,0.0,38.0,0.0,0.0,0.0,0.0,b,u,g,q,v,t,t,f,g,False,False,False,False,False,False,False
62,40.92,2.25,10.0,0.0,176.0,0.0,0.0,0.0,0.0,0.0,b,y,p,x,h,t,f,t,g,False,False,False,False,False,False,False
63,23.08,11.5,3.5,9.0,56.0,742.0,0.0,0.0,0.0,0.0,b,u,g,i,v,t,t,f,g,False,False,False,False,False,False,False
64,30.17,6.5,3.125,8.0,330.0,1200.0,0.0,0.0,0.0,0.0,b,u,g,cc,v,t,t,f,g,False,False,False,False,False,False,False
65,36.42,0.75,0.585,0.0,240.0,3.0,0.0,0.0,0.0,0.0,b,y,p,d,v,f,f,f,g,False,False,False,False,False,False,False
66,45.0,8.5,14.0,1.0,88.0,2000.0,0.0,0.0,0.0,0.0,b,u,g,cc,h,t,t,t,g,False,False,False,False,False,False,False
67,28.92,4.841481927710842,2.3690120481927712,0.0,220.0,140.0,0.0,1.0,1.0,0.0,b,u,g,c,v,t,f,f,g,False,False,False,False,False,True,True
68,19.17,9.5,1.5,0.0,120.0,2206.0,0.0,0.0,0.0,0.0,b,u,g,w,v,t,f,f,g,False,False,False,False,False,False,False
69,34.92,5.0,7.5,6.0,0.0,1000.0,0.0,0.0,0.0,0.0,b,u,g,x,h,t,t,t,g,False,False,False,False,False,False,False
70,43.25,25.21,0.21,1.0,760.0,90.0,0.0,0.0,0.0,0.0,b,u,g,q,h,t,t,f,g,False,False,False,False,False,False,False
71,17.33,9.5,1.75,10.0,0.0,10.0,0.0,0.0,0.0,0.0,a,u,g,aa,v,f,t,t,g,False,False,False,False,False,False,False
72,24.58,1.25,0.25,0.0,110.0,0.0,0.0,0.0,0.0,0.0,b,u,g,c,v,f,f,f,g,False,False,False,False,False,False,False
73,29.58,4.75,2.0,1.0,460.0,68.0,0.0,0.0,0.0,0.0,b,u,g,m,v,f,t,t,g,False,False,False,False,False,False,False
74,37.75,5.5,0.125,0.0,228.0,0.0,0.0,0.0,0.0,0.0,a,u,g,q,v,t,f,t,g,False,False,False,False,False,False,False
75,47.0,13.0,5.165,9.0,0.0,0.0,0.0,0.0,0.0,0.0,a,u,g,i,bb,t,t,t,g,False,False,False,False,False,False,False
76,22.08,2.335,0.75,0.0,180.0,0.0,0.0,0.0,0.0,0.0,b,u,g,k,v,f,f,f,g,False,False,False,False,False,False,False
77,35.75,2.415,0.125,2.0,220.0,1.0,0.0,0.0,0.0,0.0,b,u,g,w,v,f,t,f,g,False,False,False,False,False,False,False
78,27.83,1.54,3.75,5.0,100.0,3.0,0.0,0.0,0.0,0.0,b,u,g,w,v,t,t,t,g,False,False,False,False,False,False,False
79,32.67,5.5,5.5,12.0,408.0,1000.0,0.0,0.0,0.0,0.0,b,u,g,q,h,t,t,t,g,False,False,False,False,False,False,False
80,40.0,6.5,3.5,1.0,0.0,500.0,0.0,0.0,0.0,0.0,b,u,g,aa,bb,t,t,f,g,False,False,False,False,False,False,False
81,16.92,0.5,0.165,6.0,240.0,35.0,0.0,0.0,0.0,0.0,a,u,g,i,v,f,t,t,g,False,False,False,False,False,False,False
82,39.08,6.0,1.29,5.0,108.0,1097.0,0.0,0.0,0.0,0.0,b,u,g,m,v,t,t,t,g,False,False,False,False,False,False,False
83,23.58,0.46,2.625,6.0,208.0,347.0,0.0,0.0,0.0,0.0,b,y,p,w,v,t,t,t,g,False,False,False,False,False,False,False
84,18.83,4.841481927710842,2.3690120481927712,0.0,160.0,1.0,0.0,1.0,1.0,0.0,b,u,g,q,v,t,f,f,g,False,False,False,False,False,True,True
85,23.25,4.841481927710842,2.3690120481927712,0.0,160.0,0.0,0.0,1.0,1.0,0.0,b,u,g,c,bb,t,f,t,g,False,False,False,False,False,True,True
86,25.17,2.875,0.875,0.0,360.0,0.0,0.0,0.0,0.0,0.0,a,u,g,x,h,t,f,f,g,False,False,False,False,False,False,False
87,32.42,3.0,0.165,0.0,120.0,0.0,0.0,0.0,0.0,0.0,b,u,g,d,v,f,f,t,g,False,False,False,False,False,False,False
88,17.25,3.0,0.04,0.0,160.0,40.0,0.0,0.0,0.0,0.0,b,u,g,k,v,f,f,t,g,False,False,False,False,False,False,False
89,34.17,2.75,2.5,0.0,232.0,200.0,0.0,0.0,0.0,0.0,b,u,g,i,bb,f,f,t,g,False,False,False,False,False,False,False
90,28.25,4.841481927710842,2.3690120481927712,2.0,420.0,7.0,0.0,1.0,1.0,0.0,b,u,g,x,v,t,f,f,g,False,False,False,False,False,True,True
91,26.58,2.54,0.0,0.0,180.0,60.0,0.0,0.0,0.0,0.0,a,y,p,ff,ff,f,f,t,g,False,False,False,False,False,False,False
92,21.83,1.54,0.085,0.0,356.0,0.0,0.0,0.0,0.0,0.0,b,u,g,k,v,f,f,t,g,False,False,False,False,False,False,False
93,42.17,4.841481927710842,2.3690120481927712,0.0,92.0,0.0,0.0,1.0,1.0,0.0,b,u,g,q,h,t,f,t,g,False,False,False,False,False,True,True
94,30.0,5.29,2.25,5.0,99.0,500.0,0.0,0.0,0.0,0.0,a,u,g,e,dd,t,t,t,g,False,False,False,False,False,False,False
95,24.58,12.5,0.875,0.0,260.0,0.0,0.0,0.0,0.0,0.0,b,u,g,w,v,t,f,t,g,False,False,False,False,False,False,False
96,31.08,4.841481927710842,2.3690120481927712,2.0,160.0,41.0,0.0,1.0,1.0,0.0,b,u,g,c,v,t,f,t,g,False,False,False,False,False,True,True
97,25.0,11.25,2.5,17.0,200.0,1208.0,0.0,0.0,0.0,0.0,b,u,g,c,v,t,t,f,g,False,False,False,False,False,False,False
98,34.17,1.54,1.54,1.0,520.0,50000.0,0.0,0.0,0.0,0.0,b,u,g,cc,v,t,t,t,g,False,False,False,False,False,False,False
99,16.33,4.841481927710842,2.3690120481927712,1.0,80.0,21.0,0.0,1.0,1.0,0.0,b,u,g,aa,v,t,f,f,g,False,False,False,False,False,True,True
100,47.67,2.5,2.5,12.0,410.0,2510.0,0.0,0.0,0.0,0.0,b,u,g,m,bb,t,t,t,g,False,False,False,False,False,False,False
101,31.33,19.5,7.0,16.0,0.0,5000.0,0.0,0.0,0.0,0.0,b,u,g,c,v,t,t,f,g,False,False,False,False,False,False,False
102,35.75,0.915,0.75,4.0,0.0,1583.0,0.0,0.0,0.0,0.0,a,u,g,aa,v,t,t,f,g,False,False,False,False,False,False,False
103,33.25,4.841481927710842,2.3690120481927712,0.0,0.0,2.0,0.0,1.0,1.0,0.0,a,y,p,c,v,t,f,t,g,False,False,False,False,False,True,True
104,31.67,0.83,1.335,8.0,303.0,3290.0,0.0,0.0,0.0,0.0,b,u,g,x,v,t,t,t,g,False,False,False,False,False,False,False
105,33.58,2.75,4.25,6.0,204.0,0.0,0.0,0.0,0.0,0.0,b,u,g,m,v,t,t,f,g,False,False,False,False,False,False,False
106,20.42,7.5,1.5,1.0,160.0,234.0,0.0,0.0,0.0,0.0,b,u,g,k,v,t,t,f,g,True,False,False,False,False,False,False
107,22.92,11.585,0.04,0.0,80.0,1349.0,0.0,0.0,0.0,0.0,a,u,g,cc,v,t,f,f,g,False,False,False,False,False,False,False
108,23.75,0.71,0.25,1.0,240.0,4.0,0.0,0.0,0.0,0.0,a,u,g,w,v,f,t,t,g,False,False,False,False,False,False,False
109,31.75,4.841481927710842,2.3690120481927712,0.0,160.0,20.0,0.0,1.0,1.0,0.0,a,y,p,j,j,t,f,f,g,False,False,False,False,False,True,True
110,36.17,5.5,5.0,0.0,210.0,687.0,0.0,0.0,0.0,0.0,b,u,g,i,bb,f,f,f,g,False,False,False,False,False,False,False
111,48.75,8.5,12.5,9.0,181.0,1655.0,0.0,0.0,0.0,0.0,b,u,g,c,h,t,t,f,g,False,False,False,False,False,False,False
112,23.58,0.83,0.415,1.0,200.0,11.0,0.0,0.0,0.0,0.0,a,u,g,q,v,f,t,t,g,False,False,False,False,False,False,False
113,23.08,2.5,1.085,11.0,60.0,2184.0,0.0,0.0,0.0,0.0,b,u,g,c,v,t,t,t,g,False,False,False,False,False,False,False
114,34.25,3.0,7.415,0.0,0.0,0.0,0.0,0.0,0.0,0.0,b,u,g,cc,h,t,f,t,g,False,False,False,False,False,False,False
115,29.25,14.79,5.04,5.0,168.0,0.0,0.0,0.0,0.0,0.0,b,u,g,aa,v,t,t,t,g,False,False,False,False,False,False,False
116,31.58,0.75,3.5,0.0,320.0,0.0,0.0,0.0,0.0,0.0,b,y,p,aa,v,f,f,t,g,False,False,False,False,False,False,False
117,37.5,1.75,0.25,0.0,164.0,400.0,0.0,0.0,0.0,0.0,b,y,p,c,bb,t,f,t,g,False,False,False,False,False,False,False
118,39.17,2.5,10.0,0.0,200.0,0.0,0.0,0.0,0.0,0.0,b,y,p,i,h,f,f,t,s,False,False,False,False,False,False,False
119,59.5,2.75,1.75,5.0,60.0,58.0,0.0,0.0,0.0,0.0,b,u,g,w,v,t,t,t,g,False,False,False,False,False,False,False
120,21.08,5.0,0.0,0.0,0.0,0.0,0.0,0.0,0.0,0.0,a,y,p,ff,ff,f,f,f,g,False,False,False,False,False,False,False
121,21.33,7.5,1.415,1.0,80.0,9800.0,0.0,0.0,0.0,0.0,b,u,g,aa,v,t,t,f,g,False,False,False,False,False,False,False
122,23.17,0.0,0.085,0.0,0.0,0.0,0.0,0.0,0.0,0.0,b,u,g,cc,v,t,f,f,g,False,False,False,False,False,False,False
123,56.75,4.841481927710842,2.3690120481927712,4.0,200.0,0.0,0.0,1.0,1.0,0.0,b,u,g,m,v,t,f,t,g,False,False,False,False,False,True,True
124,29.42,4.841481927710842,2.3690120481927712,0.0,200.0,0.0,0.0,1.0,1.0,0.0,b,u,g,w,v,t,f,f,g,False,False,False,False,False,True,True
125,48.17,4.841481927710842,2.3690120481927712,0.0,0.0,120.0,0.0,1.0,1.0,0.0,a,u,g,i,o,t,f,f,g,False,False,False,False,False,True,True
126,22.75,6.165,0.165,0.0,220.0,1000.0,0.0,0.0,0.0,0.0,a,u,g,aa,v,f,f,f,g,False,False,False,False,False,False,False
127,50.75,0.585,0.0,0.0,145.0,0.0,0.0,0.0,0.0,0.0,b,u,g,ff,ff,f,f,f,g,False,False,False,False,False,False,False
128,36.17,0.42,0.29,0.0,309.0,2.0,0.0,0.0,0.0,0.0,b,y,p,w,v,f,f,t,g,False,False,False,False,False,False,False
129,34.0,5.5,1.5,0.0,60.0,0.0,0.0,0.0,0.0,0.0,b,y,p,c,v,f,f,t,g,False,False,False,False,False,False,False
130,35.17,2.5,4.5,7.0,150.0,1270.0,0.0,0.0,0.0,0.0,b,u,g,k,v,t,t,f,g,False,False,False,False,False,False,False
131,31.0,2.085,0.085,0.0,300.0,0.0,0.0,0.0,0.0,0.0,b,u,g,c,v,f,f,f,g,False,False,False,False,False,False,False
132,21.92,11.665,0.085,0.0,320.0,5.0,0.0,0.0,0.0,0.0,a,u,g,k,h,f,f,f,g,False,False,False,False,False,False,False
133,32.33,4.841481927710842,2.3690120481927712,0.0,440.0,11177.0,0.0,1.0,1.0,0.0,a,u,g,cc,v,t,f,f,g,False,False,False,False,False,True,True
134,27.75,0.585,0.25,2.0,260.0,500.0,0.0,0.0,0.0,0.0,b,y,p,cc,v,t,t,f,g,False,False,False,False,False,False,False
135,41.17,1.335,0.165,0.0,168.0,0.0,0.0,0.0,0.0,0.0,b,u,g,d,v,f,f,f,g,False,False,False,False,False,False,False
136,23.08,11.5,2.125,11.0,290.0,284.0,0.0,0.0,0.0,0.0,b,u,g,w,h,t,t,t,g,False,False,False,False,False,False,False
137,57.58,2.0,6.5,1.0,0.0,10.0,0.0,0.0,0.0,0.0,a,u,g,ff,ff,f,t,f,g,False,False,False,False,False,False,False
138,27.67,2.04,0.25,0.0,180.0,50.0,0.0,0.0,0.0,0.0,a,u,g,w,v,f,f,t,g,False,False,False,False,False,False,False
139,23.58,1.79,0.54,0.0,136.0,1.0,0.0,0.0,0.0,0.0,b,u,g,c,v,f,f,t,g,False,False,False,False,False,False,False
140,26.67,1.75,1.0,5.0,160.0,5777.0,0.0,0.0,0.0,0.0,b,y,p,c,v,t,t,t,g,False,False,False,False,False,False,False
141,32.0,1.75,0.04,0.0,393.0,0.0,0.0,0.0,0.0,0.0,b,y,p,e,h,t,f,t,g,False,False,False,False,False,False,False
142,23.5,9.0,8.5,5.0,120.0,0.0,0.0,0.0,0.0,0.0,a,u,g,q,v,t,t,t,g,False,False,False,False,False,False,False
143,32.75,1.5,5.5,3.0,0.0,0.0,0.0,0.0,0.0,0.0,b,u,g,cc,h,t,t,t,g,False,False,False,False,False,False,False
144,47.33,6.5,1.0,0.0,0.0,228.0,0.0,0.0,0.0,0.0,b,u,g,c,v,f,f,t,g,False,False,False,False,False,False,False
145,43.25,3.0,6.0,11.0,80.0,0.0,0.0,0.0,0.0,0.0,b,u,g,q,h,t,t,f,g,False,False,False,False,False,False,False
146,22.25,1.25,3.25,0.0,280.0,0.0,0.0,0.0,0.0,0.0,a,y,p,ff,ff,f,f,f,g,False,False,False,False,False,False,False
147,24.75,13.665,1.5,0.0,280.0,1.0,0.0,0.0,0.0,0.0,a,u,g,q,h,f,f,f,g,False,False,False,False,False,False,False
148,25.58,0.335,3.5,0.0,340.0,0.0,0.0,0.0,0.0,0.0,b,u,g,k,h,f,f,t,g,False,False,False,False,False,False,False
149,31.08,1.5,0.04,0.0,160.0,0.0,0.0,0.0,0.0,0.0,b,y,p,w,v,f,f,f,s,False,False,False,False,False,False,False
150,33.75,2.75,0.0,0.0,180.0,0.0,0.0,0.0,0.0,0.0,b,u,g,i,bb,f,f,f,g,False,False,False,False,False,False,False
151,18.92,9.0,0.75,2.0,88.0,591.0,0.0,0.0,0.0,0.0,a,u,g,aa,v,t,t,f,g,False,False,False,False,False,False,False
152,19.0,1.75,2.335,0.0,112.0,6.0,0.0,0.0,0.0,0.0,b,y,p,c,v,f,f,t,g,False,False,False,False,False,False,False
153,22.92,4.841481927710842,2.3690120481927712,0.0,120.0,809.0,0.0,1.0,1.0,0.0,a,u,g,q,v,t,f,t,g,False,False,False,False,False,True,True
154,28.0,2.0,4.165,2.0,181.0,0.0,0.0,0.0,0.0,0.0,b,u,g,k,h,t,t,t,g,False,False,False,False,False,False,False
155,26.0,1.0,1.75,0.0,280.0,0.0,0.0,0.0,0.0,0.0,b,u,g,q,v,t,f,t,g,False,False,False,False,False,False,False
156,23.75,0.415,0.04,2.0,128.0,6.0,0.0,0.0,0.0,0.0,b,y,p,c,v,f,t,f,g,False,False,False,False,False,False,False
157,44.25,11.0,1.5,0.0,0.0,0.0,0.0,0.0,0.0,0.0,b,y,p,d,v,t,f,f,s,False,False,False,False,False,False,False
158,23.08,2.5,0.085,0.0,100.0,4208.0,0.0,0.0,0.0,0.0,b,u,g,ff,ff,f,f,t,g,False,False,False,False,False,False,False
159,35.0,2.5,1.0,0.0,210.0,0.0,0.0,0.0,0.0,0.0,b,u,g,i,v,f,f,t,g,False,False,False,False,False,False,False
160,27.0,0.75,4.25,3.0,312.0,150.0,0.0,0.0,0.0,0.0,b,u,g,c,h,t,t,t,g,False,False,False,False,False,False,False
161,18.92,9.25,1.0,4.0,80.0,500.0,0.0,0.0,0.0,0.0,a,y,p,c,v,t,t,t,g,False,False,False,False,False,False,False
162,27.75,4.841481927710842,2.3690120481927712,0.0,140.0,0.0,0.0,1.0,1.0,0.0,b,u,g,k,h,t,f,t,s,False,False,False,False,False,True,True
163,44.83,7.0,1.625,0.0,160.0,2.0,0.0,0.0,0.0,0.0,b,y,p,c,v,f,f,f,g,False,False,False,False,False,False,False
164,17.67,4.46,0.25,0.0,80.0,0.0,0.0,0.0,0.0,0.0,b,u,g,c,v,f,f,f,s,False,False,False,False,False,False,False
165,25.25,1.0,0.5,0.0,200.0,0.0,0.0,0.0,0.0,0.0,b,u,g,aa,v,f,f,f,g,False,False,False,False,False,False,False
166,20.17,5.625,1.71,0.0,120.0,0.0,0.0,0.0,0.0,0.0,b,u,g,w,v,t,f,f,s,False,False,False,False,False,False,False
167,29.58,4.5,7.5,2.0,330.0,0.0,0.0,0.0,0.0,0.0,b,u,g,w,v,t,t,t,g,False,False,False,False,False,False,False
168,33.92,1.585,0.0,0.0,320.0,0.0,0.0,0.0,0.0,0.0,a,y,p,ff,ff,t,f,f,g,False,False,False,False,False,False,False
169,17.08,0.25,0.335,4.0,160.0,8.0,0.0,0.0,0.0,0.0,b,u,g,q,v,f,t,f,g,False,False,False,False,False,False,False
170,74.83,19.0,0.04,2.0,0.0,351.0,0.0,0.0,0.0,0.0,b,y,p,ff,ff,f,t,f,g,False,False,False,False,False,False,False
171,32.08,4.841481927710842,2.3690120481927712,0.0,360.0,0.0,0.0,1.0,1.0,0.0,b,u,g,m,v,t,f,t,g,False,False,False,False,False,True,True
172,56.5,16.0,0.0,15.0,0.0,247.0,0.0,0.0,0.0,0.0,a,u,g,j,ff,t,t,f,g,False,False,False,False,False,False,False
173,20.17,4.841481927710842,2.3690120481927712,3.0,40.0,28.0,0.0,1.0,1.0,0.0,b,u,g,c,v,t,f,t,g,False,False,False,False,False,True,True
174,48.58,6.5,6.0,0.0,350.0,0.0,0.0,0.0,0.0,0.0,b,u,g,q,h,t,f,t,g,False,False,False,False,False,False,False
175,30.33,0.5,0.085,0.0,252.0,0.0,0.0,0.0,0.0,0.0,b,u,g,d,h,f,f,t,s,False,False,False,False,False,False,False
176,34.42,1.335,0.125,0.0,440.0,4500.0,0.0,0.0,0.0,0.0,b,u,g,i,bb,f,f,t,g,False,False,False,False,False,False,False
177,22.17,4.841481927710842,2.3690120481927712,0.0,160.0,10.0,0.0,1.0,1.0,0.0,b,u,g,i,v,t,f,f,g,False,False,False,False,False,True,True
178,47.75,8.0,7.875,6.0,0.0,1260.0,0.0,0.0,0.0,0.0,a,u,g,c,v,t,t,t,g,False,False,False,False,False,False,False
179,23.75,12.0,2.085,0.0,80.0,0.0,0.0,0.0,0.0,0.0,b,u,g,c,v,f,f,f,s,False,False,False,False,False,False,False
180,19.17,5.415,0.29,0.0,80.0,484.0,0.0,0.0,0.0,0.0,a,u,g,i,h,f,f,f,g,False,False,False,False,False,False,False
181,23.25,4.841481927710842,2.3690120481927712,2.0,0.0,5552.0,0.0,1.0,1.0,0.0,b,u,g,c,v,t,f,f,g,False,False,False,False,False,True,True
182,37.58,0.0,0.0,0.0,180.5735294117647,0.0,0.0,0.0,0.0,1.0,b,u,g,c,v,f,f,f,p,False,True,True,True,True,False,False
183,29.83,3.5,0.165,0.0,216.0,0.0,0.0,0.0,0.0,0.0,b,u,g,c,v,f,f,f,g,False,False,False,False,False,False,False
184,23.92,0.585,0.125,0.0,240.0,1.0,0.0,0.0,0.0,0.0,b,y,p,cc,h,f,f,f,g,False,False,False,False,False,False,False
185,50.08,12.54,2.29,3.0,156.0,0.0,0.0,0.0,0.0,0.0,a,u,g,aa,v,t,t,t,g,False,False,False,False,False,False,False
186,22.0,7.835,0.165,0.0,180.5735294117647,0.0,0.0,0.0,0.0,1.0,b,y,p,i,bb,f,f,t,g,False,False,False,False,False,False,False
187,21.25,1.5,1.5,0.0,150.0,8.0,0.0,0.0,0.0,0.0,b,u,g,w,v,f,f,f,g,False,False,False,False,False,False,False
188,30.42,1.375,0.04,3.0,0.0,33.0,0.0,0.0,0.0,0.0,a,u,g,w,h,f,t,f,g,False,False,False,False,False,False,False
189,39.92,6.21,0.04,1.0,200.0,300.0,0.0,0.0,0.0,0.0,b,u,g,q,v,t,t,f,g,False,False,False,False,False,False,False
190,27.67,1.5,2.0,0.0,368.0,0.0,0.0,0.0,0.0,0.0,a,u,g,m,v,t,f,f,s,False,False,False,False,False,False,False
191,19.42,7.25,0.04,1.0,100.0,1.0,0.0,0.0,0.0,0.0,b,u,g,m,v,f,t,f,g,False,False,False,False,False,False,False
192,48.08,6.04,0.04,0.0,0.0,2690.0,0.0,0.0,0.0,0.0,b,u,g,k,v,f,f,f,g,False,False,False,False,False,False,False
193,34.0,5.085,1.085,0.0,480.0,0.0,0.0,0.0,0.0,0.0,b,y,p,i,bb,f,f,t,g,False,False,False,False,False,False,False
194,47.17,5.835,5.5,0.0,465.0,150.0,0.0,0.0,0.0,0.0,b,u,g,w,v,f,f,f,g,False,False,False,False,False,False,False
195,32.08,4.0,1.5,0.0,120.0,0.0,0.0,0.0,0.0,0.0,b,y,p,cc,v,f,f,t,g,False,False,False,False,False,False,False
196,27.67,2.0,1.0,4.0,140.0,7544.0,0.0,0.0,0.0,0.0,b,u,g,x,h,t,t,f,g,False,False,False,False,False,False,False
197,37.33,2.5,0.21,0.0,260.0,246.0,0.0,0.0,0.0,0.0,a,u,g,i,h,f,f,f,g,False,False,False,False,False,False,False
198,42.83,4.841481927710842,2.3690120481927712,0.0,0.0,0.0,0.0,1.0,1.0,0.0,b,u,g,q,v,t,f,f,s,False,False,False,False,False,True,True
199,33.58,0.25,4.0,0.0,420.0,0.0,0.0,0.0,0.0,0.0,b,u,g,i,bb,f,f,t,s,False,False,False,False,False,False,False
200,31.8901906779661,4.0,5.0,3.0,290.0,2279.0,1.0,0.0,0.0,0.0,b,u,g,x,v,t,t,t,g,False,False,False,False,False,False,False
201,19.67,10.0,0.835,0.0,140.0,0.0,0.0,0.0,0.0,0.0,b,y,p,k,h,t,f,t,g,False,False,False,False,False,False,False
202,23.58,0.835,0.085,0.0,220.0,5.0,0.0,0.0,0.0,0.0,b,u,g,i,h,f,f,t,g,False,False,False,False,False,False,False
203,16.08,0.75,1.75,5.0,352.0,690.0,0.0,0.0,0.0,0.0,b,u,g,c,v,t,t,t,g,False,False,False,False,False,False,False
204,28.25,5.04,1.5,8.0,144.0,7.0,0.0,0.0,0.0,0.0,b,y,p,c,bb,t,t,t,g,False,False,False,False,False,False,False
205,42.0,0.205,5.125,0.0,400.0,0.0,0.0,0.0,0.0,0.0,b,u,g,i,h,t,f,f,g,False,False,False,False,False,False,False
206,37.75,7.0,11.5,7.0,300.0,5.0,0.0,0.0,0.0,0.0,b,u,g,q,h,t,t,t,g,False,False,False,False,False,False,False
207,30.17,0.5,1.75,11.0,32.0,540.0,0.0,0.0,0.0,0.0,b,u,g,c,v,t,t,f,g,False,False,False,False,False,False,False
208,43.08,0.375,0.375,8.0,300.0,162.0,0.0,0.0,0.0,0.0,b,y,p,c,v,t,t,t,g,False,False,False,False,False,False,False
209,60.58,16.5,11.0,0.0,21.0,10561.0,0.0,0.0,0.0,0.0,a,u,g,q,v,t,f,t,g,False,False,False,False,False,False,False
210,28.75,1.165,0.5,0.0,280.0,0.0,0.0,0.0,0.0,0.0,b,u,g,k,v,t,f,f,s,False,False,False,False,False,False,False
211,28.25,0.875,0.96,3.0,396.0,0.0,0.0,0.0,0.0,0.0,b,u,g,m,v,t,t,t,g,False,False,False,False,False,False,False
212,20.42,0.835,1.585,1.0,0.0,0.0,0.0,0.0,0.0,0.0,a,u,g,q,v,t,t,f,g,False,False,False,False,False,False,False
213,22.08,4.841481927710842,2.3690120481927712,0.0,100.0,1212.0,0.0,1.0,1.0,0.0,b,u,g,k,v,t,f,t,g,False,False,False,False,False,True,True
214,54.83,15.5,0.0,20.0,152.0,130.0,0.0,0.0,0.0,0.0,b,u,g,e,z,t,t,f,g,False,False,False,False,False,False,False
215,19.17,4.0,1.0,0.0,360.0,1000.0,0.0,0.0,0.0,0.0,b,y,p,i,v,f,f,t,g,False,False,False,False,False,False,False
216,15.83,7.625,0.125,1.0,0.0,160.0,0.0,0.0,0.0,0.0,a,u,g,q,v,f,t,t,g,False,False,False,False,False,False,False
217,31.8901906779661,4.0,0.085,0.0,411.0,0.0,1.0,0.0,0.0,0.0,b,y,p,i,v,f,f,t,g,False,False,False,False,False,False,False
218,62.75,7.0,0.0,0.0,0.0,12.0,0.0,0.0,0.0,0.0,b,u,g,e,z,f,f,f,g,False,False,False,False,False,False,False
219,29.58,1.75,1.25,0.0,280.0,0.0,0.0,0.0,0.0,0.0,a,y,p,k,v,f,f,t,g,False,False,False,False,False,False,False
220,69.5,4.841481927710842,2.3690120481927712,0.0,0.0,0.0,0.0,1.0,1.0,0.0,a,u,g,ff,ff,t,f,f,s,False,False,False,False,False,True,True
221,60.92,5.0,4.0,4.0,0.0,99.0,0.0,0.0,0.0,0.0,a,u,g,aa,v,t,t,f,g,False,False,False,False,False,False,False
222,52.33,1.375,9.46,0.0,200.0,100.0,0.0,0.0,0.0,0.0,b,y,p,c,h,t,f,t,g,False,False,False,False,False,False,False
223,20.08,0.25,0.125,0.0,200.0,0.0,0.0,0.0,0.0,0.0,b,u,g,q,v,f,f,f,g,False,False,False,False,False,False,False
224,31.8901906779661,3.5,3.0,0.0,300.0,0.0,1.0,0.0,0.0,0.0,a,u,g,d,v,t,f,t,g,False,False,False,False,False,False,False
225,73.42,17.75,0.0,0.0,0.0,0.0,0.0,0.0,0.0,0.0,b,u,g,ff,ff,t,f,t,g,False,False,False,False,False,False,False
226,63.33,0.54,0.585,3.0,180.0,0.0,0.0,0.0,0.0,0.0,b,u,g,c,v,t,t,t,g,False,False,False,False,False,False,False
227,25.83,12.835,0.5,0.0,0.0,2.0,0.0,0.0,0.0,0.0,b,u,g,cc,v,f,f,f,g,False,False,False,False,False,False,False
228,27.58,2.04,2.0,3.0,370.0,560.0,0.0,0.0,0.0,0.0,b,y,p,aa,v,t,t,t,g,False,False,False,False,False,False,False
229,32.83,2.5,2.75,6.0,160.0,2072.0,0.0,0.0,0.0,0.0,b,u,g,cc,h,t,t,f,g,False,False,False,False,False,False,False
230,22.25,0.46,0.125,0.0,280.0,55.0,0.0,0.0,0.0,0.0,b,u,g,k,v,f,f,t,g,False,False,False,False,False,False,False
231,46.67,0.46,0.415,11.0,440.0,6.0,0.0,0.0,0.0,0.0,a,u,g,cc,h,t,t,t,g,False,False,False,False,False,False,False
232,54.58,9.415,14.415,11.0,30.0,300.0,0.0,0.0,0.0,0.0,b,u,g,ff,ff,t,t,t,g,False,False,False,False,False,False,False
233,25.75,0.5,1.46,5.0,312.0,0.0,0.0,0.0,0.0,0.0,b,u,g,c,v,t,t,t,g,False,False,False,False,False,False,False
234,25.0,0.875,1.04,0.0,160.0,5860.0,0.0,0.0,0.0,0.0,a,u,g,x,h,t,f,t,g,False,False,False,False,False,False,False
235,27.25,0.29,0.125,1.0,272.0,108.0,0.0,0.0,0.0,0.0,a,u,g,m,h,f,t,t,g,False,False,False,False,False,False,False
236,40.92,0.835,0.0,0.0,130.0,1.0,0.0,0.0,0.0,0.0,b,u,g,ff,ff,t,f,f,g,False,False,False,False,False,False,False
237,33.67,0.375,0.375,0.0,300.0,44.0,0.0,0.0,0.0,0.0,a,u,g,cc,v,f,f,f,g,False,False,False,False,False,False,False
238,23.17,4.841481927710842,2.3690120481927712,1.0,100.0,0.0,0.0,1.0,1.0,0.0,b,u,g,x,h,t,f,f,g,False,False,False,False,False,True,True
239,18.42,10.415,0.125,0.0,120.0,375.0,0.0,0.0,0.0,0.0,b,y,p,aa,v,t,f,f,g,False,False,False,False,False,False,False
240,18.83,4.415,3.0,0.0,240.0,0.0,0.0,0.0,0.0,0.0,a,y,p,c,h,t,f,f,g,False,False,False,False,False,False,False
241,17.92,10.21,0.0,0.0,0.0,50.0,0.0,0.0,0.0,0.0,a,u,g,ff,ff,f,f,f,g,False,False,False,False,False,False,False
242,19.5,4.841481927710842,2.3690120481927712,0.0,380.0,0.0,0.0,1.0,1.0,0.0,a,u,g,q,v,t,f,t,g,False,False,False,False,False,True,True
243,35.17,4.841481927710842,2.3690120481927712,1.0,515.0,500.0,0.0,1.0,1.0,0.0,b,u,g,x,h,t,f,t,g,False,False,False,False,False,True,True
244,24.5,4.841481927710842,2.3690120481927712,0.0,280.0,824.0,0.0,1.0,1.0,0.0,a,u,g,q,h,t,f,f,g,False,False,False,False,False,True,True
245,39.08,4.0,3.0,0.0,480.0,0.0,0.0,0.0,0.0,0.0,a,u,g,c,v,f,f,f,g,False,False,False,False,False,False,False
246,65.42,4.841481927710842,2.3690120481927712,7.0,22.0,0.0,0.0,1.0,1.0,0.0,b,u,g,e,z,t,f,t,g,False,False,False,False,False,True,True
247,37.33,2.665,0.165,0.0,0.0,501.0,0.0,0.0,0.0,0.0,b,u,g,cc,v,f,f,t,g,False,False,False,False,False,False,False
248,23.25,1.5,2.375,3.0,0.0,582.0,0.0,0.0,0.0,0.0,b,u,g,q,v,t,t,t,g,False,False,False,False,False,False,False
249,21.75,1.75,0.0,0.0,160.0,0.0,0.0,0.0,0.0,0.0,a,y,p,j,j,f,f,f,g,False,False,False,False,False,False,False
250,48.25,25.085,1.75,3.0,120.0,14.0,0.0,0.0,0.0,0.0,b,u,g,w,v,t,t,f,g,False,False,False,False,False,False,False
251,42.08,1.04,5.0,6.0,500.0,10000.0,0.0,0.0,0.0,0.0,b,u,g,w,v,t,t,t,g,False,False,False,False,False,False,False
252,21.0,3.0,1.085,8.0,160.0,1.0,0.0,0.0,0.0,0.0,b,y,p,d,v,t,t,t,g,False,False,False,False,False,False,False
253,20.67,1.25,1.375,3.0,140.0,210.0,0.0,0.0,0.0,0.0,b,y,p,c,h,t,t,t,g,False,False,False,False,False,False,False
254,21.08,4.125,0.04,0.0,140.0,100.0,0.0,0.0,0.0,0.0,b,y,p,i,h,f,f,f,g,False,False,False,False,False,False,False
255,21.08,10.085,1.25,0.0,260.0,0.0,0.0,0.0,0.0,0.0,b,y,p,e,h,f,f,f,g,False,False,False,False,False,False,False
256,51.42,0.04,0.04,0.0,0.0,3000.0,0.0,0.0,0.0,0.0,b,u,g,x,h,t,f,f,g,False,False,False,False,False,False,False
257,24.08,4.841481927710842,2.3690120481927712,0.0,0.0,0.0,0.0,1.0,1.0,0.0,b,u,g,aa,v,t,f,t,g,False,False,False,False,False,True,True
258,25.0,4.841481927710842,2.3690120481927712,0.0,20.0,0.0,0.0,1.0,1.0,0.0,b,u,g,aa,v,t,f,t,s,False,False,False,False,False,True,True
259,47.83,4.165,0.085,0.0,520.0,0.0,0.0,0.0,0.0,0.0,b,u,g,x,bb,f,f,t,g,False,False,False,False,False,False,False
260,45.0,4.585,1.0,0.0,240.0,0.0,0.0,0.0,0.0,0.0,a,u,g,k,h,f,f,t,s,False,False,False,False,False,False,False
261,36.67,3.25,9.0,0.0,102.0,639.0,0.0,0.0,0.0,0.0,b,u,g,q,h,t,f,t,g,False,False,False,False,False,False,False
262,26.75,4.5,2.5,0.0,200.0,1210.0,0.0,0.0,0.0,0.0,b,y,p,c,bb,f,f,f,g,False,False,False,False,False,False,False
263,28.67,14.5,0.125,0.0,0.0,286.0,0.0,0.0,0.0,0.0,b,u,g,d,v,f,f,f,g,False,False,False,False,False,False,False
264,19.42,1.5,2.0,0.0,100.0,20.0,0.0,0.0,0.0,0.0,b,y,p,cc,v,t,f,t,g,False,False,False,False,False,False,False
265,25.25,13.5,2.0,1.0,200.0,1.0,0.0,0.0,0.0,0.0,a,y,p,ff,ff,f,t,t,g,False,False,False,False,False,False,False
266,23.17,0.0,0.0,0.0,180.5735294117647,0.0,0.0,0.0,0.0,1.0,b,u,g,c,v,f,f,f,p,False,True,True,True,True,False,False
267,24.58,0.67,1.75,0.0,400.0,0.0,0.0,0.0,0.0,0.0,a,u,g,aa,h,t,f,f,g,False,False,False,False,False,False,False
268,33.08,4.625,1.625,2.0,0.0,0.0,0.0,0.0,0.0,0.0,a,u,g,q,h,t,t,f,g,False,False,False,False,False,False,False
269,39.92,0.54,0.5,3.0,200.0,1000.0,0.0,0.0,0.0,0.0,b,y,p,aa,v,t,t,f,g,False,False,False,False,False,False,False
270,16.5,0.125,0.165,0.0,132.0,0.0,0.0,0.0,0.0,0.0,b,u,g,c,v,f,f,f,g,False,False,False,False,False,False,False
271,48.5,4.841481927710842,2.3690120481927712,0.0,225.0,0.0,0.0,1.0,1.0,0.0,b,u,g,m,v,t,f,t,g,False,False,False,False,False,True,True
272,31.8901906779661,0.625,0.25,0.0,380.0,2010.0,1.0,0.0,0.0,0.0,b,u,g,k,v,f,f,f,g,False,False,False,False,False,False,False
273,53.33,0.165,0.0,0.0,62.0,27.0,0.0,0.0,0.0,0.0,a,u,g,ff,ff,f,f,t,s,False,False,False,False,False,False,False
274,24.33,2.5,4.5,0.0,200.0,456.0,0.0,0.0,0.0,0.0,a,y,p,i,bb,f,f,f,g,False,False,False,False,False,False,False
275,22.0,0.79,0.29,1.0,420.0,283.0,0.0,0.0,0.0,0.0,b,u,g,w,v,f,t,f,g,False,False,False,False,False,False,False
276,20.5,11.835,6.0,0.0,340.0,0.0,0.0,0.0,0.0,0.0,a,u,g,c,h,t,f,f,g,False,False,False,False,False,False,False
277,21.5,11.5,0.5,0.0,100.0,68.0,0.0,0.0,0.0,0.0,b,u,g,i,v,t,f,t,g,False,False,False,False,False,False,False
278,20.0,1.25,0.125,0.0,140.0,4.0,0.0,0.0,0.0,0.0,b,y,p,k,v,f,f,f,g,False,False,False,False,False,False,False
279,51.58,15.0,8.5,9.0,0.0,0.0,0.0,0.0,0.0,0.0,b,u,g,c,v,t,t,f,g,False,False,False,False,False,False,False
280,18.17,10.25,1.085,0.0,320.0,13.0,0.0,0.0,0.0,0.0,b,u,g,c,h,f,f,f,g,False,False,False,False,False,False,False
281,33.5,1.75,4.5,4.0,253.0,857.0,0.0,0.0,0.0,0.0,b,u,g,x,h,t,t,t,g,False,False,False,False,False,False,False
282,36.25,5.0,2.5,6.0,0.0,367.0,0.0,0.0,0.0,0.0,b,u,g,c,bb,t,t,f,g,False,False,False,False,False,False,False
283,36.75,5.125,5.0,0.0,0.0,4000.0,0.0,0.0,0.0,0.0,a,u,g,e,v,t,f,t,g,False,False,False,False,False,False,False
284,34.0,4.5,1.0,0.0,240.0,0.0,0.0,0.0,0.0,0.0,b,u,g,aa,v,t,f,t,g,False,False,False,False,False,False,False
285,38.42,0.705,0.375,2.0,225.0,500.0,0.0,0.0,0.0,0.0,b,u,g,c,v,f,t,f,g,False,False,False,False,False,False,False
286,23.0,0.75,0.5,0.0,320.0,0.0,0.0,0.0,0.0,0.0,b,u,g,m,v,f,f,t,s,False,False,False,False,False,False,False
287,56.42,4.841481927710842,2.3690120481927712,40.0,0.0,15.0,0.0,1.0,1.0,0.0,b,y,p,c,v,t,f,f,g,False,False,False,False,False,True,True
288,30.75,1.585,0.585,0.0,0.0,0.0,0.0,0.0,0.0,0.0,b,u,g,d,v,f,f,t,s,False,False,False,False,False,False,False
289,42.75,4.085,0.04,0.0,108.0,100.0,0.0,0.0,0.0,0.0,b,u,g,aa,v,f,f,f,g,False,False,False,False,False,False,False
290,31.67,16.165,3.0,9.0,250.0,730.0,0.0,0.0,0.0,0.0,b,u,g,d,v,t,t,f,g,False,False,False,False,False,False,False
291,23.5,1.5,0.875,0.0,160.0,0.0,0.0,0.0,0.0,0.0,a,u,g,w,v,f,f,t,g,False,False,False,False,False,False,False
292,22.58,10.04,0.04,9.0,60.0,396.0,0.0,0.0,0.0,0.0,b,u,g,x,v,t,t,f,g,False,False,False,False,False,False,False
293,33.58,0.335,0.085,0.0,180.0,0.0,0.0,0.0,0.0,0.0,b,y,p,cc,v,f,f,f,g,False,False,False,False,False,False,False
294,56.58,4.841481927710842,2.3690120481927712,17.0,0.0,0.0,0.0,1.0,1.0,0.0,b,u,g,d,bb,t,f,t,g,False,False,False,False,False,True,True
295,41.17,1.25,0.25,0.0,0.0,195.0,0.0,0.0,0.0,0.0,b,y,p,w,v,f,f,f,g,False,False,False,False,False,False,False
296,22.25,9.0,0.085,0.0,0.0,0.0,0.0,0.0,0.0,0.0,b,u,g,aa,v,f,f,f,g,False,False,False,False,False,False,False
297,42.75,3.0,1.0,0.0,0.0,200.0,0.0,0.0,0.0,0.0,b,u,g,i,bb,t,f,f,g,False,False,False,False,False,False,False
298,24.5,4.841481927710842,2.3690120481927712,0.0,132.0,0.0,0.0,1.0,1.0,0.0,a,y,p,c,v,t,f,f,g,False,False,False,False,False,True,True
299,24.42,2.0,0.165,2.0,320.0,1300.0,0.0,0.0,0.0,0.0,b,u,g,e,dd,f,t,f,g,False,False,False,False,False,False,False
300,58.58,4.841481927710842,2.3690120481927712,0.0,320.0,0.0,0.0,1.0,1.0,0.0,b,u,g,c,v,t,f,t,g,False,False,False,False,False,True,True
301,53.92,9.625,8.665,5.0,0.0,0.0,0.0,0.0,0.0,0.0,b,u,g,e,v,t,t,f,g,False,False,False,False,False,False,False
302,23.42,1.0,0.5,0.0,280.0,0.0,0.0,0.0,0.0,0.0,b,u,g,c,v,f,f,t,s,False,False,False,False,False,False,False
303,31.8901906779661,0.04,4.25,0.0,460.0,0.0,1.0,0.0,0.0,0.0,b,y,p,d,v,f,f,t,g,False,False,False,False,False,False,False
304,19.58,0.665,1.0,1.0,2000.0,2.0,0.0,0.0,0.0,0.0,a,y,p,c,v,f,t,f,g,False,False,False,False,False,False,False
305,32.92,2.5,1.75,2.0,720.0,0.0,0.0,0.0,0.0,0.0,b,u,g,aa,v,f,t,t,g,False,False,False,False,False,False,False
306,44.25,0.5,10.75,0.0,400.0,0.0,0.0,0.0,0.0,0.0,b,u,g,m,v,t,f,f,s,False,False,False,False,False,False,False
307,24.75,0.54,1.0,0.0,120.0,1.0,0.0,0.0,0.0,0.0,b,u,g,m,v,f,f,t,g,False,False,False,False,False,False,False
308,34.17,5.25,0.085,0.0,290.0,6.0,0.0,0.0,0.0,0.0,b,u,g,w,v,f,f,t,g,False,False,False,False,False,False,False
309,25.17,4.841481927710842,2.3690120481927712,3.0,0.0,0.0,0.0,1.0,1.0,0.0,b,u,g,c,v,t,f,f,g,False,False,False,False,False,True,True
310,32.67,4.841481927710842,2.3690120481927712,0.0,154.0,0.0,0.0,1.0,1.0,0.0,b,y,p,w,h,t,f,t,g,False,False,False,False,False,True,True
311,55.92,11.5,5.0,5.0,0.0,8851.0,0.0,0.0,0.0,0.0,b,u,g,ff,ff,t,t,f,g,False,False,False,False,False,False,False
312,21.92,0.54,0.04,1.0,840.0,59.0,0.0,0.0,0.0,0.0,b,y,p,x,v,t,t,t,g,False,False,False,False,False,False,False
313,20.42,1.085,1.5,0.0,108.0,7.0,0.0,0.0,0.0,0.0,b,u,g,q,v,f,f,f,g,False,False,False,False,False,False,False
314,18.83,9.5,1.625,6.0,40.0,600.0,0.0,0.0,0.0,0.0,a,u,g,w,v,t,t,t,g,False,False,False,False,False,False,False
315,60.08,14.5,18.0,15.0,0.0,1000.0,0.0,0.0,0.0,0.0,b,u,g,ff,ff,t,t,t,g,False,False,False,False,False,False,False
316,28.08,15.0,0.0,0.0,0.0,13212.0,0.0,0.0,0.0,0.0,a,y,p,e,z,t,f,f,g,False,False,False,False,False,False,False
317,22.67,0.75,1.585,1.0,400.0,9.0,0.0,0.0,0.0,0.0,b,u,g,i,v,f,t,t,g,False,False,False,False,False,False,False
318,18.17,2.46,0.96,2.0,160.0,587.0,0.0,0.0,0.0,0.0,b,u,g,c,n,f,t,t,g,False,False,False,False,False,False,False
319,58.42,21.0,10.0,13.0,0.0,6700.0,0.0,0.0,0.0,0.0,a,u,g,i,bb,t,t,f,g,False,False,False,False,False,False,False
320,25.5,0.375,0.25,3.0,260.0,15108.0,0.0,0.0,0.0,0.0,b,u,g,m,v,t,t,f,g,False,False,False,False,False,False,False
321,41.17,6.5,0.5,3.0,145.0,0.0,0.0,0.0,0.0,0.0,a,u,g,q,v,t,t,t,g,False,False,False,False,False,False,False
322,22.67,7.0,0.165,0.0,160.0,0.0,0.0,0.0,0.0,0.0,a,u,g,c,v,f,f,f,g,False,False,False,False,False,False,False
323,41.17,4.04,7.0,8.0,320.0,0.0,0.0,0.0,0.0,0.0,b,u,g,cc,h,t,t,f,g,False,False,False,False,False,False,False
324,28.42,3.5,0.835,0.0,280.0,0.0,0.0,0.0,0.0,0.0,a,u,g,w,v,t,f,f,s,False,False,False,False,False,False,False
325,27.83,1.5,2.25,1.0,100.0,3.0,0.0,0.0,0.0,0.0,b,u,g,w,v,f,t,t,g,False,False,False,False,False,False,False
326,24.5,1.04,0.5,3.0,180.0,147.0,0.0,0.0,0.0,0.0,a,y,p,ff,ff,t,t,f,g,False,False,False,False,False,False,False
327,19.33,9.5,1.0,0.0,60.0,400.0,0.0,0.0,0.0,0.0,b,u,g,q,v,t,f,t,g,False,False,False,False,False,False,False
328,28.67,9.335,5.665,6.0,381.0,168.0,0.0,0.0,0.0,0.0,b,u,g,q,h,t,t,f,g,False,False,False,False,False,False,False
329,27.17,4.841481927710842,2.3690120481927712,1.0,92.0,300.0,0.0,1.0,1.0,0.0,a,u,g,ff,ff,t,f,f,g,False,False,False,False,False,True,True
330,30.67,2.5,2.25,0.0,340.0,0.0,0.0,0.0,0.0,0.0,b,u,g,cc,h,f,f,t,s,False,False,False,False,False,False,False
331,25.33,0.58,0.29,7.0,96.0,5124.0,0.0,0.0,0.0,0.0,b,u,g,c,v,t,t,t,g,False,False,False,False,False,False,False
332,38.58,3.335,4.0,14.0,383.0,1344.0,0.0,0.0,0.0,0.0,b,u,g,w,v,t,t,f,g,False,False,False,False,False,False,False
333,45.17,4.841481927710842,2.3690120481927712,0.0,140.0,0.0,0.0,1.0,1.0,0.0,b,u,g,c,v,t,f,t,g,False,False,False,False,False,True,True
334,29.5,0.58,0.29,1.0,340.0,2803.0,0.0,0.0,0.0,0.0,b,u,g,w,v,f,t,f,g,False,False,False,False,False,False,False
335,16.33,4.085,0.415,0.0,120.0,0.0,0.0,0.0,0.0,0.0,b,u,g,i,h,f,f,t,g,False,False,False,False,False,False,False
336,30.17,1.085,0.04,0.0,170.0,179.0,0.0,0.0,0.0,0.0,b,y,p,c,v,f,f,f,g,False,False,False,False,False,False,False
337,25.67,12.5,1.21,67.0,140.0,258.0,0.0,0.0,0.0,0.0,b,u,g,cc,v,t,t,t,g,False,False,False,False,False,False,False
338,24.75,4.841481927710842,2.3690120481927712,19.0,0.0,500.0,0.0,1.0,1.0,0.0,a,u,g,q,h,t,f,f,g,False,False,False,False,False,True,True
339,19.67,4.841481927710842,2.3690120481927712,2.0,80.0,0.0,0.0,1.0,1.0,0.0,b,u,g,q,v,t,f,t,g,False,False,False,False,False,True,True
340,31.8901906779661,11.25,0.0,0.0,180.5735294117647,5200.0,1.0,0.0,0.0,1.0,a,u,g,ff,ff,f,f,f,g,False,False,False,False,False,False,False
341,52.5,4.841481927710842,2.3690120481927712,15.0,0.0,11202.0,0.0,1.0,1.0,0.0,b,u,g,k,v,t,f,f,g,False,False,False,False,False,True,True
342,23.0,1.835,0.0,1.0,200.0,53.0,0.0,0.0,0.0,0.0,a,u,g,j,j,f,t,f,g,False,False,False,False,False,False,False
343,15.83,0.585,1.5,2.0,100.0,0.0,0.0,0.0,0.0,0.0,a,u,g,c,h,t,t,f,g,False,False,False,False,False,False,False
344,29.17,3.5,3.5,3.0,329.0,0.0,0.0,0.0,0.0,0.0,b,u,g,w,v,t,t,t,g,False,False,False,False,False,False,False
345,52.83,15.0,5.5,14.0,0.0,2200.0,0.0,0.0,0.0,0.0,a,u,g,c,v,t,t,f,g,False,False,False,False,False,False,False
346,37.33,6.5,4.25,12.0,93.0,0.0,0.0,0.0,0.0,0.0,b,u,g,m,h,t,t,t,g,False,False,False,False,False,False,False
347,55.75,4.841481927710842,2.3690120481927712,3.0,100.0,50.0,0.0,1.0,1.0,0.0,a,u,g,k,h,t,f,t,g,False,False,False,False,False,True,True
348,24.08,0.875,0.085,4.0,254.0,1950.0,0.0,0.0,0.0,0.0,b,u,g,m,v,f,t,f,g,False,False,False,False,False,False,False
349,26.92,13.5,5.0,2.0,0.0,5000.0,0.0,0.0,0.0,0.0,a,u,g,q,h,t,t,f,g,False,False,False,False,False,False,False
350,32.75,2.335,5.75,0.0,292.0,0.0,0.0,0.0,0.0,0.0,b,u,g,d,h,f,f,t,g,False,False,False,False,False,False,False
351,48.58,0.205,0.25,11.0,380.0,2732.0,0.0,0.0,0.0,0.0,b,y,p,k,v,t,t,f,g,False,False,False,False,False,False,False
352,25.58,0.0,0.0,0.0,180.5735294117647,0.0,0.0,0.0,0.0,1.0,a,u,g,c,v,f,f,f,p,False,True,True,True,True,False,False
353,24.5,12.75,4.75,2.0,73.0,444.0,0.0,0.0,0.0,0.0,b,u,g,c,bb,t,t,f,g,True,False,False,False,False,False,False
354,31.8901906779661,4.841481927710842,2.3690120481927712,0.0,0.0,1.0,1.0,1.0,1.0,0.0,b,y,p,i,bb,t,f,f,g,False,False,False,False,False,True,True
355,31.25,2.835,0.0,5.0,176.0,146.0,0.0,0.0,0.0,0.0,b,u,g,ff,ff,f,t,f,g,False,False,False,False,False,False,False
356,19.17,8.585,0.75,7.0,96.0,0.0,0.0,0.0,0.0,0.0,a,u,g,cc,h,t,t,f,g,False,False,False,False,False,False,False
357,34.83,2.5,3.0,0.0,200.0,0.0,0.0,0.0,0.0,0.0,b,y,p,w,v,f,f,f,s,False,False,False,False,False,False,False
358,69.17,4.841481927710842,2.3690120481927712,1.0,70.0,6.0,0.0,1.0,1.0,0.0,b,u,g,ff,ff,t,f,f,g,False,False,False,False,False,True,True
359,18.0,0.165,0.21,0.0,200.0,40.0,0.0,0.0,0.0,0.0,b,u,g,q,n,f,f,f,g,False,False,False,False,False,False,False
360,18.08,4.841481927710842,2.3690120481927712,0.0,80.0,0.0,0.0,1.0,1.0,0.0,b,u,g,k,v,t,f,f,g,False,False,False,False,False,True,True
361,28.75,1.5,1.5,0.0,0.0,225.0,0.0,0.0,0.0,0.0,b,y,p,c,v,t,f,t,g,False,False,False,False,False,False,False
362,31.8901906779661,10.5,6.5,0.0,0.0,0.0,1.0,0.0,0.0,0.0,b,u,g,x,v,t,f,f,g,False,False,False,False,False,False,False
363,21.17,0.875,0.25,0.0,280.0,204.0,0.0,0.0,0.0,0.0,b,y,p,c,h,f,f,f,g,False,False,False,False,False,False,False
364,31.8901906779661,1.5,0.0,2.0,200.0,105.0,1.0,0.0,0.0,0.0,a,u,g,ff,ff,f,t,t,g,False,False,False,False,False,False,False
365,20.83,8.5,0.165,0.0,0.0,351.0,0.0,0.0,0.0,0.0,a,u,g,c,v,f,f,f,g,False,False,False,False,False,False,False
366,17.67,0.0,0.0,0.0,86.0,0.0,0.0,0.0,0.0,0.0,a,y,p,j,ff,f,f,f,g,False,False,False,False,False,False,False
367,22.42,5.665,2.585,7.0,129.0,3257.0,0.0,0.0,0.0,0.0,a,u,g,q,v,t,t,f,g,False,False,False,False,False,False,False
368,26.33,13.0,0.0,0.0,140.0,1110.0,0.0,0.0,0.0,0.0,b,u,g,e,dd,f,f,t,g,False,False,False,False,False,False,False
369,32.33,4.841481927710842,2.3690120481927712,0.0,232.0,0.0,0.0,1.0,1.0,0.0,b,u,g,k,v,t,f,t,g,False,False,False,False,False,True,True
370,29.5,2.0,2.0,0.0,256.0,17.0,0.0,0.0,0.0,0.0,b,y,p,e,h,f,f,f,g,True,False,False,False,False,False,False
371,18.58,4.841481927710842,2.3690120481927712,0.0,120.0,0.0,0.0,1.0,1.0,0.0,b,u,g,d,v,t,f,f,g,False,False,False,False,False,True,True
372,35.17,4.841481927710842,2.3690120481927712,6.0,0.0,200.0,0.0,1.0,1.0,0.0,a,u,g,ff,ff,t,f,f,g,False,False,False,False,False,True,True
373,20.67,3.0,0.165,3.0,100.0,6.0,0.0,0.0,0.0,0.0,a,u,g,q,v,t,t,f,g,False,False,False,False,False,False,False
374,49.5,7.585,7.585,15.0,0.0,5000.0,0.0,0.0,0.0,0.0,b,u,g,i,bb,t,t,t,g,False,False,False,False,False,False,False
375,49.58,4.841481927710842,2.3690120481927712,1.0,94.0,0.0,0.0,1.0,1.0,0.0,b,u,g,ff,ff,t,f,f,g,False,False,False,False,False,True,True
376,18.58,10.29,0.415,0.0,80.0,0.0,0.0,0.0,0.0,0.0,b,u,g,ff,ff,f,f,f,g,False,False,False,False,False,False,False
377,29.92,1.835,4.335,0.0,260.0,200.0,0.0,0.0,0.0,0.0,b,u,g,c,h,t,f,f,g,False,False,False,False,False,False,False
378,39.58,13.915,8.625,6.0,70.0,0.0,0.0,0.0,0.0,0.0,b,u,g,w,v,t,t,t,g,False,False,False,False,False,False,False
379,31.8901906779661,0.375,0.875,0.0,928.0,0.0,1.0,0.0,0.0,0.0,b,u,g,d,v,t,f,t,s,False,False,False,False,False,False,False
380,27.25,1.585,1.835,12.0,583.0,713.0,0.0,0.0,0.0,0.0,b,u,g,cc,h,t,t,t,g,False,False,False,False,False,False,False
381,35.17,4.5,5.75,0.0,711.0,0.0,0.0,0.0,0.0,0.0,b,u,g,x,h,f,f,t,s,False,False,False,False,False,False,False
382,28.92,15.0,5.335,11.0,0.0,2283.0,0.0,0.0,0.0,0.0,b,u,g,c,h,t,t,f,g,False,False,False,False,False,False,False
383,25.17,3.0,1.25,1.0,0.0,22.0,0.0,0.0,0.0,0.0,b,u,g,c,v,f,t,f,g,False,False,False,False,False,False,False
384,23.33,1.5,1.415,0.0,422.0,200.0,0.0,0.0,0.0,0.0,b,u,g,c,h,t,f,f,g,False,False,False,False,False,False,False
385,39.5,4.25,6.5,16.0,117.0,1210.0,0.0,0.0,0.0,0.0,b,u,g,c,bb,t,t,f,g,False,False,False,False,False,False,False
386,30.5,6.5,4.0,7.0,0.0,3065.0,0.0,0.0,0.0,0.0,a,u,g,c,bb,t,t,t,g,False,False,False,False,False,False,False
387,44.17,6.665,7.375,3.0,0.0,0.0,0.0,0.0,0.0,0.0,a,u,g,q,v,t,t,t,g,False,False,False,False,False,False,False
388,20.33,10.0,1.0,4.0,50.0,1465.0,0.0,0.0,0.0,0.0,a,u,g,c,h,t,t,f,g,False,False,False,False,False,False,False
389,22.5,11.0,3.0,0.0,268.0,0.0,0.0,0.0,0.0,0.0,a,y,p,q,v,t,f,t,g,False,False,False,False,False,False,False
390,20.67,4.841481927710842,2.3690120481927712,0.0,240.0,0.0,0.0,1.0,1.0,0.0,b,y,p,c,v,t,f,t,s,False,False,False,False,False,True,True
391,67.75,5.5,13.0,1.0,0.0,0.0,0.0,0.0,0.0,0.0,b,u,g,e,z,t,t,t,g,False,False,False,False,False,False,False
392,27.42,14.5,3.085,1.0,120.0,11.0,0.0,0.0,0.0,0.0,a,u,g,x,h,t,t,f,g,False,False,False,False,False,False,False
393,23.42,0.585,0.085,0.0,180.0,0.0,0.0,0.0,0.0,0.0,b,u,g,c,h,t,f,f,g,False,False,False,False,False,False,False
394,41.92,0.42,0.21,6.0,220.0,948.0,0.0,0.0,0.0,0.0,b,u,g,c,h,t,t,f,g,False,False,False,False,False,False,False
395,33.0,2.5,7.0,0.0,280.0,0.0,0.0,0.0,0.0,0.0,b,y,p,w,v,f,f,t,g,False,False,False,False,False,False,False
396,44.33,4.841481927710842,2.3690120481927712,0.0,0.0,0.0,0.0,1.0,1.0,0.0,a,u,g,c,v,t,f,f,g,False,False,False,False,False,True,True
397,56.83,4.25,5.0,0.0,0.0,4.0,0.0,0.0,0.0,0.0,a,y,p,ff,ff,f,f,t,g,False,False,False,False,False,False,False
398,41.33,1.0,2.25,0.0,0.0,300.0,0.0,0.0,0.0,0.0,a,u,g,i,bb,t,f,t,g,False,False,False,False,False,False,False
399,23.58,11.5,3.0,0.0,20.0,16.0,0.0,0.0,0.0,0.0,a,y,p,k,h,f,f,t,g,False,False,False,False,False,False,False
400,22.42,11.25,0.75,4.0,0.0,321.0,0.0,0.0,0.0,0.0,a,y,p,x,h,t,t,f,g,False,False,False,False,False,False,False
401,21.17,4.841481927710842,2.3690120481927712,0.0,0.0,0.0,0.0,1.0,1.0,0.0,b,u,g,c,v,t,f,t,s,False,False,False,False,False,True,True
402,25.42,0.54,0.165,1.0,272.0,444.0,0.0,0.0,0.0,0.0,b,u,g,w,v,f,t,f,g,False,False,False,False,False,False,False
403,20.0,4.841481927710842,2.3690120481927712,0.0,136.0,0.0,0.0,1.0,1.0,0.0,b,u,g,c,v,t,f,t,g,False,False,False,False,False,True,True
404,16.17,0.04,0.04,0.0,0.0,0.0,0.0,0.0,0.0,0.0,b,u,g,c,v,f,f,f,g,False,False,False,False,False,False,False
405,48.17,7.625,15.5,12.0,0.0,790.0,0.0,0.0,0.0,0.0,b,u,g,w,h,t,t,f,g,False,False,False,False,False,False,False
406,28.58,3.54,0.5,0.0,171.0,0.0,0.0,0.0,0.0,0.0,a,u,g,i,bb,t,f,t,g,False,False,False,False,False,False,False
407,17.92,0.54,1.75,1.0,80.0,5.0,0.0,0.0,0.0,0.0,a,u,g,c,v,f,t,t,g,False,False,False,False,False,False,False
408,37.5,1.125,1.5,0.0,431.0,0.0,0.0,0.0,0.0,0.0,b,y,p,d,v,f,f,t,g,False,False,False,False,False,False,False
409,41.0,0.04,0.04,1.0,560.0,0.0,0.0,0.0,0.0,0.0,b,u,g,e,v,f,t,f,s,False,False,False,False,False,False,False
410,48.75,26.335,0.0,0.0,0.0,0.0,0.0,0.0,0.0,0.0,b,y,p,ff,ff,t,f,t,g,False,False,False,False,False,False,False
411,25.0,12.33,3.5,6.0,400.0,458.0,0.0,0.0,0.0,0.0,a,u,g,cc,h,t,t,f,g,False,False,False,False,False,False,False
412,26.25,1.54,0.125,0.0,100.0,0.0,0.0,0.0,0.0,0.0,b,u,g,w,v,f,f,f,g,False,False,False,False,False,False,False
413,22.5,8.46,2.46,0.0,164.0,0.0,0.0,0.0,0.0,0.0,a,y,p,x,v,f,f,f,g,False,False,False,False,False,False,False
414,22.33,11.0,2.0,1.0,80.0,278.0,0.0,0.0,0.0,0.0,b,u,g,w,v,t,t,f,g,False,False,False,False,False,False,False
415,47.67,0.29,15.0,20.0,0.0,15000.0,0.0,0.0,0.0,0.0,b,u,g,c,bb,t,t,f,g,False,False,False,False,False,False,False
416,20.42,1.835,2.25,1.0,100.0,150.0,0.0,0.0,0.0,0.0,b,u,g,c,v,t,t,f,g,False,False,False,False,False,False,False
417,31.92,4.46,6.04,3.0,311.0,300.0,0.0,0.0,0.0,0.0,b,u,g,cc,h,t,t,f,g,False,False,False,False,False,False,False
418,33.67,1.25,1.165,0.0,120.0,0.0,0.0,0.0,0.0,0.0,b,u,g,w,v,f,f,f,g,False,False,False,False,False,False,False
419,20.75,10.25,0.71,2.0,49.0,0.0,0.0,0.0,0.0,0.0,a,u,g,q,v,t,t,t,g,False,False,False,False,False,False,False
420,27.25,0.625,0.455,0.0,200.0,0.0,0.0,0.0,0.0,0.0,b,u,g,aa,v,t,f,t,g,False,False,False,False,False,False,False
421,20.83,3.0,0.04,0.0,100.0,0.0,0.0,0.0,0.0,0.0,a,u,g,aa,v,t,f,f,g,False,False,False,False,False,False,False
422,27.58,3.25,5.085,2.0,369.0,1.0,0.0,0.0,0.0,0.0,b,y,p,q,h,f,t,t,g,False,False,False,False,False,False,False
423,26.17,12.5,1.25,0.0,0.0,17.0,0.0,0.0,0.0,0.0,b,y,p,k,h,f,f,t,g,False,False,False,False,False,False,False
424,31.42,15.5,0.5,0.0,120.0,0.0,0.0,0.0,0.0,0.0,b,u,g,c,v,t,f,f,g,False,False,False,False,False,False,False
425,39.83,0.5,0.25,0.0,288.0,0.0,0.0,0.0,0.0,0.0,b,u,g,m,v,t,f,f,s,False,False,False,False,False,False,False
426,51.83,4.841481927710842,2.3690120481927712,0.0,180.0,4.0,0.0,1.0,1.0,0.0,b,y,p,ff,ff,t,f,f,g,False,False,False,False,False,True,True
427,20.75,4.841481927710842,2.3690120481927712,1.0,80.0,50.0,0.0,1.0,1.0,0.0,a,u,g,cc,h,t,f,t,g,False,False,False,False,False,True,True
428,18.25,10.0,1.0,1.0,120.0,1.0,0.0,0.0,0.0,0.0,a,u,g,w,v,f,t,f,g,False,False,False,False,False,False,False
429,44.33,0.5,5.0,0.0,320.0,0.0,0.0,0.0,0.0,0.0,b,u,g,i,h,t,f,t,g,False,False,False,False,False,False,False
430,18.08,0.375,10.0,0.0,300.0,0.0,0.0,0.0,0.0,0.0,a,l,gg,cc,ff,f,f,t,s,False,False,False,False,False,False,False
431,20.0,0.0,0.5,0.0,144.0,0.0,0.0,0.0,0.0,0.0,b,u,g,d,v,f,f,f,g,False,False,False,False,False,False,False
432,38.92,1.665,0.25,0.0,0.0,390.0,0.0,0.0,0.0,0.0,a,u,g,aa,v,f,f,f,g,False,False,False,False,False,False,False
433,30.58,4.841481927710842,2.3690120481927712,0.0,80.0,0.0,0.0,1.0,1.0,0.0,b,y,p,m,v,t,f,t,s,False,False,False,False,False,True,True
434,29.67,1.415,0.75,1.0,240.0,100.0,0.0,0.0,0.0,0.0,b,u,g,w,h,t,t,f,g,False,False,False,False,False,False,False
435,32.25,14.0,0.0,2.0,160.0,1.0,0.0,0.0,0.0,0.0,b,y,p,ff,ff,f,t,f,g,False,False,False,False,False,False,False
436,26.67,14.585,0.0,0.0,178.0,0.0,0.0,0.0,0.0,0.0,b,u,g,i,bb,f,f,t,g,False,False,False,False,False,False,False
437,27.67,0.75,0.165,0.0,220.0,251.0,0.0,0.0,0.0,0.0,b,u,g,q,h,f,f,t,g,False,False,False,False,False,False,False
438,38.25,10.125,0.125,0.0,160.0,0.0,0.0,0.0,0.0,0.0,b,y,p,k,v,f,f,f,g,False,False,False,False,False,False,False
439,18.83,3.54,0.0,0.0,180.0,1.0,0.0,0.0,0.0,0.0,b,y,p,ff,ff,f,f,t,g,False,False,False,False,False,False,False
440,76.75,22.29,12.75,1.0,0.0,109.0,0.0,0.0,0.0,0.0,b,u,g,e,z,t,t,t,g,False,False,False,False,False,False,False
441,34.92,2.5,0.0,0.0,239.0,200.0,0.0,0.0,0.0,0.0,b,u,g,w,v,t,f,t,g,False,False,False,False,False,False,False
442,48.08,4.841481927710842,2.3690120481927712,0.0,100.0,2.0,0.0,1.0,1.0,0.0,b,u,g,i,bb,t,f,f,g,False,False,False,False,False,True,True
443,34.42,4.841481927710842,2.3690120481927712,2.0,274.0,610.0,0.0,1.0,1.0,0.0,b,u,g,i,bb,t,f,f,g,False,False,False,False,False,True,True
444,57.42,8.5,7.0,3.0,0.0,0.0,0.0,0.0,0.0,0.0,b,u,g,e,h,t,t,f,g,False,False,False,False,False,False,False
445,57.08,19.5,5.5,7.0,0.0,3000.0,0.0,0.0,0.0,0.0,a,u,g,c,v,t,t,f,g,False,False,False,False,False,False,False
446,25.67,0.29,1.5,0.0,160.0,0.0,0.0,0.0,0.0,0.0,b,y,p,c,v,f,f,t,g,False,False,False,False,False,False,False
447,13.75,4.0,1.75,2.0,120.0,1000.0,0.0,0.0,0.0,0.0,b,y,p,w,v,t,t,t,g,False,False,False,False,False,False,False
448,58.33,10.0,4.0,14.0,0.0,1602.0,0.0,0.0,0.0,0.0,a,u,g,q,v,t,t,f,g,False,False,False,False,False,False,False
449,18.5,2.0,1.5,2.0,120.0,300.0,0.0,0.0,0.0,0.0,b,u,g,i,v,t,t,f,g,False,False,False,False,False,False,False
450,36.33,4.841481927710842,2.3690120481927712,0.0,200.0,0.0,0.0,1.0,1.0,0.0,b,u,g,w,v,t,f,t,g,False,False,False,False,False,True,True
451,30.08,1.04,0.5,10.0,132.0,28.0,0.0,0.0,0.0,0.0,b,y,p,i,bb,t,t,t,g,False,False,False,False,False,False,False
452,35.58,0.75,1.5,0.0,231.0,0.0,0.0,0.0,0.0,0.0,b,u,g,k,v,f,f,t,g,False,False,False,False,False,False,False
453,17.08,0.085,0.04,0.0,140.0,722.0,0.0,0.0,0.0,0.0,b,y,p,c,v,f,f,f,g,False,False,False,False,False,False,False
454,18.83,0.415,0.165,1.0,200.0,1.0,0.0,0.0,0.0,0.0,b,y,p,c,v,f,t,f,g,False,False,False,False,False,False,False
455,26.17,0.835,1.165,0.0,100.0,0.0,0.0,0.0,0.0,0.0,b,u,g,cc,v,f,f,f,g,False,False,False,False,False,False,False
456,40.33,7.54,8.0,14.0,0.0,2300.0,0.0,0.0,0.0,0.0,a,y,p,q,h,t,t,f,g,False,False,False,False,False,False,False
457,28.58,4.841481927710842,2.3690120481927712,1.0,40.0,154.0,0.0,1.0,1.0,0.0,a,u,g,c,v,t,f,t,g,False,False,False,False,False,True,True
458,26.08,8.665,1.415,0.0,160.0,150.0,0.0,0.0,0.0,0.0,a,u,g,aa,v,t,f,f,g,False,False,False,False,False,False,False
459,28.5,1.0,1.0,2.0,167.0,500.0,0.0,0.0,0.0,0.0,a,u,g,q,v,t,t,t,g,False,False,False,False,False,False,False
460,31.25,1.125,0.0,1.0,96.0,19.0,0.0,0.0,0.0,0.0,b,u,g,ff,ff,f,t,f,g,False,False,False,False,False,False,False
461,22.92,3.165,0.165,0.0,160.0,1058.0,0.0,0.0,0.0,0.0,b,y,p,c,v,f,f,f,g,False,False,False,False,False,False,False
462,25.42,1.125,1.29,2.0,200.0,0.0,0.0,0.0,0.0,0.0,a,u,g,q,v,t,t,f,g,False,False,False,False,False,False,False
463,38.58,5.0,13.5,0.0,980.0,0.0,0.0,0.0,0.0,0.0,a,u,g,cc,v,t,f,t,g,False,False,False,False,False,False,False
464,35.25,3.165,3.75,0.0,680.0,0.0,0.0,0.0,0.0,0.0,b,u,g,x,h,t,f,t,g,False,False,False,False,False,False,False
465,20.08,1.25,0.0,0.0,0.0,0.0,0.0,0.0,0.0,0.0,a,u,g,c,v,f,f,f,g,False,False,False,False,False,False,False
466,22.67,10.5,1.335,0.0,100.0,0.0,0.0,0.0,0.0,0.0,b,u,g,q,h,t,f,f,g,False,False,False,False,False,False,False
467,25.67,2.21,4.0,0.0,188.0,0.0,0.0,0.0,0.0,0.0,b,y,p,aa,v,t,f,f,g,False,False,False,False,False,False,False
468,51.33,4.841481927710842,2.3690120481927712,11.0,0.0,1249.0,0.0,1.0,1.0,0.0,b,u,g,i,bb,t,f,f,g,False,False,False,False,False,True,True
469,28.17,0.125,0.085,0.0,216.0,2100.0,0.0,0.0,0.0,0.0,b,y,p,k,v,f,f,f,g,False,False,False,False,False,False,False
470,16.25,0.0,0.25,0.0,60.0,0.0,0.0,0.0,0.0,0.0,b,y,p,aa,v,f,f,f,g,False,False,False,False,False,False,False
471,29.83,2.04,0.04,0.0,128.0,1.0,0.0,0.0,0.0,0.0,b,y,p,x,h,f,f,f,g,False,False,False,False,False,False,False
472,29.5,0.46,0.54,4.0,380.0,500.0,0.0,0.0,0.0,0.0,a,u,g,k,v,t,t,f,g,False,False,False,False,False,False,False
473,17.42,6.5,0.125,0.0,60.0,100.0,0.0,0.0,0.0,0.0,b,u,g,i,v,f,f,f,g,False,False,False,False,False,False,False
474,32.33,7.5,1.585,0.0,420.0,0.0,0.0,0.0,0.0,0.0,b,u,g,e,bb,t,f,t,s,False,False,False,False,False,False,False
475,20.5,2.415,2.0,11.0,200.0,3000.0,0.0,0.0,0.0,0.0,b,u,g,c,v,t,t,t,g,False,False,False,False,False,False,False
476,18.17,10.0,0.165,0.0,340.0,0.0,0.0,0.0,0.0,0.0,a,y,p,q,h,f,f,f,g,False,False,False,False,False,False,False
477,42.5,4.915,3.165,0.0,52.0,1442.0,0.0,0.0,0.0,0.0,b,y,p,w,v,t,f,t,g,False,False,False,False,False,False,False
478,36.75,4.71,0.0,0.0,160.0,0.0,0.0,0.0,0.0,0.0,a,u,g,ff,ff,f,f,f,g,False,False,False,False,False,False,False
479,41.75,0.96,2.5,0.0,510.0,600.0,0.0,0.0,0.0,0.0,b,u,g,x,v,t,f,f,g,False,False,False,False,False,False,False
480,19.58,0.665,1.665,0.0,220.0,5.0,0.0,0.0,0.0,0.0,a,u,g,w,v,f,f,f,g,False,False,False,False,False,False,False
481,22.83,2.29,2.29,7.0,140.0,2384.0,0.0,0.0,0.0,0.0,a,u,g,q,h,t,t,t,g,False,False,False,False,False,False,False
482,40.58,3.29,3.5,0.0,400.0,0.0,0.0,0.0,0.0,0.0,b,u,g,m,v,f,f,t,s,False,False,False,False,False,False,False
